{"pages":["tahoma.png"],"chars":[{"id":1081,"index":529,"char":"й","width":22,"height":38,"xoffset":1,"yoffset":0,"xadvance":24,"chnl":15,"x":0,"y":0,"page":0},{"id":1073,"index":521,"char":"б","width":24,"height":37,"xoffset":-1,"yoffset":2,"xadvance":23,"chnl":15,"x":0,"y":39,"page":0},{"id":1088,"index":536,"char":"р","width":23,"height":36,"xoffset":1,"yoffset":10,"xadvance":23,"chnl":15,"x":23,"y":0,"page":0},{"id":1042,"index":490,"char":"В","width":25,"height":35,"xoffset":1,"yoffset":3,"xadvance":25,"chnl":15,"x":0,"y":77,"page":0},{"id":1110,"index":557,"char":"і","width":8,"height":35,"xoffset":1,"yoffset":3,"xadvance":10,"chnl":15,"x":25,"y":37,"page":0},{"id":1091,"index":539,"char":"у","width":25,"height":35,"xoffset":-2,"yoffset":11,"xadvance":21,"chnl":15,"x":0,"y":113,"page":0},{"id":86,"index":57,"char":"V","width":29,"height":35,"xoffset":-2,"yoffset":3,"xadvance":25,"chnl":15,"x":0,"y":149,"page":0},{"id":82,"index":53,"char":"R","width":28,"height":35,"xoffset":1,"yoffset":3,"xadvance":26,"chnl":15,"x":26,"y":73,"page":0},{"id":33,"index":4,"char":"!","width":9,"height":35,"xoffset":3,"yoffset":3,"xadvance":14,"chnl":15,"x":34,"y":37,"page":0},{"id":1072,"index":520,"char":"а","width":22,"height":28,"xoffset":-1,"yoffset":11,"xadvance":22,"chnl":15,"x":44,"y":37,"page":0},{"id":1108,"index":555,"char":"є","width":21,"height":28,"xoffset":-1,"yoffset":11,"xadvance":20,"chnl":15,"x":47,"y":0,"page":0},{"id":1086,"index":534,"char":"о","width":24,"height":28,"xoffset":-1,"yoffset":10,"xadvance":23,"chnl":15,"x":26,"y":109,"page":0},{"id":1079,"index":527,"char":"з","width":21,"height":28,"xoffset":-1,"yoffset":11,"xadvance":19,"chnl":15,"x":0,"y":185,"page":0},{"id":1077,"index":525,"char":"е","width":24,"height":28,"xoffset":-1,"yoffset":10,"xadvance":22,"chnl":15,"x":0,"y":214,"page":0},{"id":1090,"index":538,"char":"т","width":23,"height":27,"xoffset":-2,"yoffset":11,"xadvance":20,"chnl":15,"x":22,"y":185,"page":0},{"id":1084,"index":532,"char":"м","width":25,"height":27,"xoffset":1,"yoffset":11,"xadvance":27,"chnl":15,"x":30,"y":138,"page":0},{"id":1085,"index":533,"char":"н","width":22,"height":27,"xoffset":1,"yoffset":11,"xadvance":24,"chnl":15,"x":51,"y":109,"page":0}],"info":{"face":"tahoma","size":42,"bold":0,"italic":0,"charset":["В","і","т","а","є","м","о","у","б","р","з","е","н","й","V","R","!"],"unicode":1,"stretchH":100,"smooth":1,"aa":1,"padding":[2,2,2,2],"spacing":[0,0]},"common":{"lineHeight":42,"base":34,"scaleW":1024,"scaleH":1024,"pages":1,"packed":0,"alphaChnl":0,"redChnl":0,"greenChnl":0,"blueChnl":0},"distanceField":{"fieldType":"msdf","distanceRange":4},"kernings":[]}