{"pages":["arial.png"],"chars":[{"id":1091,"index":621,"char":"у","width":24,"height":35,"xoffset":-1,"yoffset":11,"xadvance":21,"chnl":15,"x":0,"y":0,"page":0},{"id":1073,"index":603,"char":"б","width":25,"height":35,"xoffset":0,"yoffset":2,"xadvance":24,"chnl":15,"x":0,"y":36,"page":0},{"id":1088,"index":618,"char":"р","width":23,"height":35,"xoffset":1,"yoffset":11,"xadvance":23,"chnl":15,"x":25,"y":0,"page":0},{"id":1042,"index":572,"char":"В","width":27,"height":34,"xoffset":1,"yoffset":3,"xadvance":28,"chnl":15,"x":0,"y":72,"page":0},{"id":1110,"index":639,"char":"і","width":8,"height":34,"xoffset":1,"yoffset":3,"xadvance":9,"chnl":15,"x":26,"y":36,"page":0},{"id":1081,"index":611,"char":"й","width":22,"height":34,"xoffset":1,"yoffset":3,"xadvance":23,"chnl":15,"x":0,"y":107,"page":0},{"id":86,"index":57,"char":"V","width":32,"height":34,"xoffset":-2,"yoffset":3,"xadvance":28,"chnl":15,"x":0,"y":142,"page":0},{"id":82,"index":53,"char":"R","width":30,"height":34,"xoffset":1,"yoffset":3,"xadvance":30,"chnl":15,"x":23,"y":107,"page":0},{"id":33,"index":4,"char":"!","width":9,"height":34,"xoffset":2,"yoffset":3,"xadvance":12,"chnl":15,"x":28,"y":71,"page":0},{"id":1072,"index":602,"char":"а","width":24,"height":27,"xoffset":0,"yoffset":11,"xadvance":23,"chnl":15,"x":35,"y":36,"page":0},{"id":1108,"index":637,"char":"є","width":23,"height":27,"xoffset":0,"yoffset":11,"xadvance":21,"chnl":15,"x":49,"y":0,"page":0},{"id":1084,"index":614,"char":"м","width":27,"height":26,"xoffset":1,"yoffset":11,"xadvance":29,"chnl":15,"x":38,"y":64,"page":0},{"id":1086,"index":616,"char":"о","width":24,"height":27,"xoffset":-1,"yoffset":11,"xadvance":23,"chnl":15,"x":60,"y":28,"page":0},{"id":1079,"index":609,"char":"з","width":21,"height":27,"xoffset":-1,"yoffset":11,"xadvance":19,"chnl":15,"x":73,"y":0,"page":0},{"id":1077,"index":607,"char":"е","width":24,"height":27,"xoffset":0,"yoffset":11,"xadvance":23,"chnl":15,"x":0,"y":177,"page":0},{"id":1090,"index":620,"char":"т","width":22,"height":26,"xoffset":-1,"yoffset":11,"xadvance":19,"chnl":15,"x":0,"y":205,"page":0},{"id":1085,"index":615,"char":"н","width":22,"height":26,"xoffset":1,"yoffset":11,"xadvance":23,"chnl":15,"x":0,"y":232,"page":0}],"info":{"face":"arial","size":42,"bold":0,"italic":0,"charset":["В","і","т","а","є","м","о","у","б","р","з","е","н","й","V","R","!"],"unicode":1,"stretchH":100,"smooth":1,"aa":1,"padding":[2,2,2,2],"spacing":[0,0]},"common":{"lineHeight":46,"base":33,"scaleW":1024,"scaleH":1024,"pages":1,"packed":0,"alphaChnl":0,"redChnl":0,"greenChnl":0,"blueChnl":0},"distanceField":{"fieldType":"msdf","distanceRange":4},"kernings":[]}